Date,Open,High,Low,Close,Volume
2016-09-07,613.21,629.3,611.25,625.57,22710390.64
2016-09-08,625.57,627.58,617.32,623.16,17710151.19
2016-09-09,623.16,627.45,621.07,624.52,9600113.74
2016-09-10,624.52,630.77,592.79,605.61,22467346.61
2016-09-11,605.61,610.62,603.03,607.98,17058938.65
2016-09-12,607.98,612.03,604.87,608.61,16850869.45
2016-09-13,608.61,612.16,606.39,609.54,14878860.18
2016-09-14,609.54,610.73,605.1,608.11,13892193.46
2016-09-15,608.11,610.36,605.15,607.78,13353736.94
2016-09-16,607.78,609.61,604.52,607.08,9724490.11
2016-09-17,607.08,612.38,605.22,610.7,10004923.58
2016-09-18,610.7,612.41,606.99,609.85,12981851.28
2016-09-19,609.85,611.27,605.93,609.24,13809380.94
2016-09-20,609.24,608.82,591.69,597.16,22059386.51
2016-09-21,597.16,599.78,592.83,595.63,13463966.31
2016-09-22,595.63,603.7,594.11,602.92,15567036.24
2016-09-23,602.92,605.92,600.5,602.59,8196210.74
2016-09-24,602.59,604.87,598.35,601.49,8038079.81
2016-09-25,601.49,608.46,598.17,606.54,16700407.53
2016-09-26,606.54,608.97,601.73,605.47,15534315.77
2016-09-27,605.47,606.9,602.62,604.67,11485005.36
2016-09-28,604.67,607.23,602.01,604.7,15403975.48
2016-09-29,604.7,608.78,602.25,608.14,14534745.84
2016-09-30,608.14,615,607.07,613.41,10415543.03
2016-10-01,613.41,614.21,607.67,610.69,10096653.77
2016-10-02,610.69,613.2,608.47,611.6,13462741.8
2016-10-03,611.6,612.68,606.5,608.96,15300692.52
2016-10-04,608.96,613.65,607.98,611.82,14360536.88
2016-10-05,611.82,612.68,608.54,610.97,13276337.45
2016-10-06,610.97,619.43,609.12,616.03,20167399.2
2016-10-07,616.03,619.56,614.88,617.65,8467434
2016-10-08,617.65,618.35,613.01,615.77,8320759.4
2016-10-09,615.77,618.81,612.76,617.29,15597892.34
2016-10-10,617.29,642.35,615.6,640.45,35367127.91
2016-10-11,640.45,642.51,632.19,635.99,17240000.95
2016-10-12,635.99,639.52,632.25,635.6,16387361.92
2016-10-13,635.6,640.46,630.66,637.92,20114873.61
2016-10-14,637.92,641.4,635.06,637.03,7970927.57
2016-10-15,637.03,642.18,636.39,640.12,8306925.43
2016-10-16,640.12,641.29,634.89,637.37,17742610.19
2016-10-17,637.37,639.34,632.23,635.34,15725013.13
2016-10-18,635.34,637.27,624.09,629.06,22379197.69
2016-10-19,629.06,630.83,625.48,628.34,13252110.98
2016-10-20,628.34,633.26,627.58,630.45,17836383.25
2016-10-21,630.45,659.89,629.72,655.48,24154228.12
2016-10-22,655.48,661.2,648.78,653.03,14418212.04
2016-10-23,653.03,654.32,645.68,650.49,21726106.55
2016-10-24,650.49,662.54,647.65,651,24179462.12
2016-10-25,651,678.39,651.39,674.67,31949607.32
2016-10-26,674.67,687.88,672.26,682.3,31862181.34
2016-10-27,682.3,688.43,678.63,686.24,26829414
2016-10-28,686.24,720.19,685.22,714.95,38351348.64
2016-10-29,714.95,714.91,689.51,697.27,27793236.64
2016-10-30,697.27,707.21,682.17,698.67,26687188.09
2016-10-31,698.67,734.36,695.2,726.76,49453950.69
2016-11-01,726.76,735.78,718.14,733.51,28452232.03
2016-11-02,733.51,744.43,670.4,684.87,69067917.54
2016-11-03,684.87,706.64,681.27,702.08,33762721.43
2016-11-04,702.08,706.38,694.03,702.11,15554565.72
2016-11-05,702.11,714.13,697.63,709.91,18363567.63
2016-11-06,709.91,711.66,698.35,705.4,21797370.12
2016-11-07,705.4,714.63,700.96,710.9,28262235.71
2016-11-08,710.9,741.23,707.13,721.42,51548567.54
2016-11-09,721.42,723.02,707.31,714.57,23931322.76
2016-11-10,714.57,719.79,711.67,714.97,18386841.21
2016-11-11,714.97,717.37,701.08,704.27,19677656.63
2016-11-12,704.27,705.61,685.01,701.97,25249834.8
2016-11-13,701.97,708.03,696.11,704.56,26613445.03
2016-11-14,704.56,716.93,697.91,711.1,29562740.26
2016-11-15,711.1,745.98,708.14,740.28,58304902.39
2016-11-16,740.28,751.91,730.08,737.53,46942756.4
2016-11-17,737.53,751.43,730.95,746.96,29666065.54
2016-11-18,746.96,755.34,737.44,747.89,19276573.28
2016-11-19,747.89,752.26,712.77,728.51,34876785.19
2016-11-20,728.51,744.33,726.55,736.19,24010681.87
2016-11-21,736.19,754.01,730.62,749.34,33225195.21
2016-11-22,749.34,750.93,731.34,741.07,28258203.98
2016-11-23,741.07,744.24,726.19,735.31,27531777.52
2016-11-24,735.31,741.25,728.97,740.39,21299510.69
2016-11-25,740.39,740.96,725.62,734.14,16682481.58
2016-11-26,734.14,738.29,727.11,729.42,15735824.63
2016-11-27,729.42,738.1,727.74,733.3,25153838.93
2016-11-28,733.3,737.04,727.78,732.56,24030304.1
2016-11-29,732.56,745.39,730.57,742.49,29210351.41
2016-11-30,742.49,755.48,741.08,752.63,40690942.17
2016-12-01,752.63,779.02,752.25,770.94,48893613.64
2016-12-02,770.94,772.32,755.81,764.24,30234128.1
2016-12-03,764.24,769.23,758.8,766.39,14755120.48
2016-12-04,766.39,769.18,746.01,754.34,39082688.28
2016-12-05,754.34,762.48,750.91,758.21,25497771.6
2016-12-06,758.21,769.02,754.27,765.56,26755412.58
2016-12-07,765.56,773.41,761.17,768.49,22208497.22
2016-12-08,768.49,773.48,765.03,770.48,18722048.47
2016-12-09,770.48,776.96,769.19,774,14049110.07
2016-12-10,774,774.16,763,767.91,13269086.38
2016-12-11,767.91,781.26,767.86,778.47,22442991.37
2016-12-12,778.47,790.33,767.77,778.74,25894856.06
2016-12-13,778.74,780.77,771.01,776.5,19326375.41
2016-12-14,776.5,780.27,773.12,775.21,20452116.66
2016-12-15,775.21,783.94,773.31,782.05,21650384.64
2016-12-16,782.05,791.57,779.36,787.17,18648778.51
2016-12-17,787.17,791.26,783.8,789.01,11525747.48
2016-12-18,789.01,793.73,786.31,789.79,20238681.94
2016-12-19,789.79,800.02,787.12,799.1,27406319.09
2016-12-20,799.1,833.13,795.98,829.21,53411082.07
2016-12-21,829.21,874.68,828.87,860.15,60511618.45
2016-12-22,860.15,920.26,858.04,917.17,91802931.23
2016-12-23,917.17,920.49,880.79,891.07,41576781.41
2016-12-24,891.07,895.24,851.42,891.07,37173377.51
2016-12-25,891.07,909.32,885.88,898.38,35002753.4
2016-12-26,898.38,937.91,893.38,925.78,45966615.06
2016-12-27,925.78,974.51,925.49,972.17,73811803.99
2016-12-28,972.17,982.57,949.23,971.08,59226667.89
2016-12-29,971.08,971.59,927.4,959.04,67449149.3
2016-12-30,959.04,965.47,942.4,963.38,26379401.89
2016-12-31,963.38,1001.61,956.1,995.44,40570922.99
2017-01-01,995.44,1031.68,990.2,1017.05,66038073.34
2017-01-02,1017.05,1035.47,1006.53,1033.3,56085870.7
2017-01-03,1033.3,1148.54,1022.32,1135.41,170584623.04
2017-01-04,1135.41,1150.63,874.53,989.35,244839289.77
2017-01-05,989.35,1027.42,852.55,886.16,179160668.84
2017-01-06,886.16,900.86,806.66,888.87,113037531.71
2017-01-07,888.87,936.13,875.85,900.86,70298340.37
2017-01-08,900.86,910.47,870.91,899.78,55963281.18
2017-01-09,899.78,911.32,890.12,904.37,48644106.82
2017-01-10,904.37,917.65,751.63,785.43,160194109.8
2017-01-11,785.43,828.21,739.55,810.11,93986701.88
2017-01-12,810.11,835.05,771,824.83,72555875.62
2017-01-13,824.83,838.9,808.27,819.63,36594482
2017-01-14,819.63,826.43,808.63,821.17,20004735.1
2017-01-15,821.17,836.66,817.7,827.34,27592899.17
2017-01-16,827.34,906.38,825.04,899.66,72272727.15
2017-01-17,899.66,913.67,845.87,872.03,61042392.11
2017-01-18,872.03,905.28,870.71,895.21,52300814.98
2017-01-19,895.21,901.49,878.9,892.91,34847130.33
2017-01-20,892.91,928.93,889.46,919.84,37129176.59
2017-01-21,919.84,938.38,888.62,918.84,44074299.79
2017-01-22,918.84,927.98,910.85,921.46,30261054.5
2017-01-23,921.46,925.61,889.15,893.75,53468911.31
2017-01-24,893.75,905.7,883.63,894.41,34014866.15
2017-01-25,894.41,919.32,893.49,915.56,30795685.98
2017-01-26,915.56,922.56,907.92,918.01,28503144.41
2017-01-27,918.01,921.89,912.84,918.51,13251844.02
2017-01-28,918.51,922.4,912.68,914.55,10214368.33
2017-01-29,914.55,922.35,911.51,920.73,17604172.47
2017-01-30,920.73,967.45,917.38,965.49,51869216.53
2017-01-31,965.49,986.57,959.82,982.43,44035816.37
2017-02-01,982.43,1009.13,973.5,1003.97,50633910.56
2017-02-02,1003.97,1023.72,989.21,1013.02,62431017.97
2017-02-03,1013.02,1041.04,1000.41,1031.85,40406542.54
2017-02-04,1031.85,1033.66,1004.05,1016.11,31669956.98
2017-02-05,1016.11,1030.6,1010.83,1024.67,32828350.27
2017-02-06,1024.67,1054.1,1019.87,1049.56,41318349.43
2017-02-07,1049.56,1069.23,1020.33,1055.49,68336320.22
2017-02-08,1055.49,1073.03,924.65,978.96,145839317.48
2017-02-09,978.96,1005.6,947.02,997.61,60639111.4
2017-02-10,997.61,1014.32,983.93,1008.32,28504495.1
2017-02-11,1008.32,1007.82,992.45,996.52,14825023.07
2017-02-12,996.52,1007.61,975.1,995.36,32785064.4
2017-02-13,995.36,1013.8,986.46,1008.34,39810076.3
2017-02-14,1008.34,1010.93,999.73,1008.19,23569549.45
2017-02-15,1008.19,1040.28,1007.39,1031.93,39114743.32
2017-02-16,1031.93,1057.39,1025.87,1049.41,47815360.54
2017-02-17,1049.41,1063.21,1044.68,1052.28,26856521.18
2017-02-18,1052.28,1056.48,1037.67,1048.89,18876881.86
2017-02-19,1048.89,1081.78,1040.99,1077.56,32959720.15
2017-02-20,1077.56,1123.03,1073.54,1119.03,62908569.43
2017-02-21,1119.03,1132.25,1094.83,1120.46,53647453.34
2017-02-22,1120.46,1181.6,1113.54,1171.91,75663167.44
2017-02-23,1171.91,1211.74,1092.41,1176.49,126978010.75
2017-02-24,1176.49,1180.01,1116.21,1149.05,53003830.46
2017-02-25,1149.05,1177.47,1130.61,1171.58,35750258.05
2017-02-26,1171.58,1195.82,1164.27,1188.83,42035366.64
2017-02-27,1188.83,1208.22,1175.75,1189.27,60371869.57
2017-02-28,1189.27,1225.04,1154.55,1222.66,61964760.57
2017-03-01,1222.66,1286.98,1211.96,1255.47,98040639.32
2017-03-02,1255.47,1291.35,1250.8,1283.3,85876262.86
2017-03-03,1283.3,1285.78,1228.73,1264.32,48597934.9
2017-03-04,1264.32,1273.28,1242.1,1271.22,32104972.38
2017-03-05,1271.22,1280.61,1261,1277.01,39591110.81
2017-03-06,1277.01,1280.89,1148.66,1232.69,108673876.49
2017-03-07,1232.69,1242.04,1136.88,1146.97,116342973.91
2017-03-08,1146.97,1206.97,1129.35,1191.33,70427061.57
2017-03-09,1191.33,1330.42,988.69,1112.39,223836041.81
2017-03-10,1112.39,1202.69,1104.78,1179.22,82387198.06
2017-03-11,1179.22,1235.46,1160.9,1225.11,53441762.07
2017-03-12,1225.11,1245.63,1205.61,1238.19,74376298.14
2017-03-13,1238.19,1255.52,1218.38,1243.14,56058617.23
2017-03-14,1243.14,1256.95,1236.43,1253.43,54486699.63
2017-03-15,1253.43,1260.24,1118.96,1172.88,159409024.53
2017-03-16,1172.88,1174.9,1063.48,1071.71,183879768.71
2017-03-17,1071.71,1103.61,940.18,971.38,212772055.65
2017-03-18,971.38,1063.67,967.31,1022.6,108128237.76
2017-03-19,1022.6,1057.5,1005.05,1047.51,63833143.48
2017-03-20,1047.51,1125.53,1043.87,1121.29,101051998.73
2017-03-21,1121.29,1121.88,997.78,1044.72,120730492.05
2017-03-22,1044.72,1062.79,1022.02,1035.03,58898141.13
2017-03-23,1035.03,1038.38,927.35,939.7,130042865.54
2017-03-24,939.7,995.96,890.43,966.3,118395054.45
2017-03-25,966.3,1004.32,946.65,969.44,83255983.42
2017-03-26,969.44,1048.85,961.8,1045.14,92332221.14
2017-03-27,1045.14,1068.41,1015.45,1044.42,83567551.46
2017-03-28,1044.42,1058.66,1008.34,1041.9,71261535.48
2017-03-29,1041.9,1052.66,1020.93,1037.91,77633883.53
2017-03-30,1037.91,1088.2,1035.18,1079.11,96543920.02
2017-03-31,1079.11,1103.74,1067.47,1086.12,55020078.21
2017-04-01,1086.12,1109.48,1074.21,1097.4,77853933.84
2017-04-02,1097.4,1157.87,1095.55,1147.56,111870807.42
2017-04-03,1147.56,1161.19,1122.15,1141.77,81164094.44
2017-04-04,1141.77,1143.84,1110.06,1129.87,78335573.66
2017-04-05,1129.87,1201.55,1130.51,1188.7,108182158.18
2017-04-06,1188.7,1201.23,1173.18,1190.49,71184485.98
2017-04-07,1190.49,1198.22,1166.65,1180.78,39393003.33
2017-04-08,1180.78,1215.1,1173.99,1204.34,54498333.26
2017-04-09,1204.34,1214.87,1194.81,1206.71,48473680.7
2017-04-10,1206.71,1229.57,1195.76,1220.74,45563707.07
2017-04-11,1220.74,1225.46,1207.36,1212.53,54699396.14
2017-04-12,1212.53,1218.66,1150.29,1176.2,78456422.62
2017-04-13,1176.2,1195.4,1162.16,1177.33,56129576.67
2017-04-14,1177.33,1194.85,841.53,1176.99,33877537.21
2017-04-15,1176.99,1187.97,1166.74,1176.8,22538918.55
2017-04-16,1176.8,1202.97,1172.81,1194.01,56095607.39
2017-04-17,1194.01,1213.88,1191.14,1206.09,64900219.25
2017-04-18,1206.09,1218.21,1194.08,1215.2,53034357.1
2017-04-19,1215.2,1246.64,1210.67,1238.09,69223360.98
2017-04-20,1238.09,1256.97,1235.56,1249.64,52498296.85
2017-04-21,1249.64,1256.97,1215.78,1240.89,55776932.72
2017-04-22,1240.89,1256.23,1223.06,1249.14,54224355.75
2017-04-23,1249.14,1256.36,1234.86,1248.18,49281629.32
2017-04-24,1248.18,1272.62,1244.21,1264.31,56659016.28
2017-04-25,1264.31,1309.2,1263,1286.63,77649710.39
2017-04-26,1286.63,1346.79,1285.3,1332.91,83319636.4
2017-04-27,1332.91,1356.15,1287.62,1329.62,104536476.71
2017-04-28,1329.62,1343.69,1314.15,1336.28,55982468.15
2017-04-29,1336.28,1358.94,1309.66,1351.91,55470285.83
2017-04-30,1351.91,1448.68,1342.78,1415.81,144414038.52
2017-05-01,1415.81,1471.14,1394.83,1445.93,103342244.97
2017-05-02,1445.93,1496.39,1424.05,1485.55,122551707.4
2017-05-03,1485.55,1609.84,1437.11,1516.76,213084949.56
2017-05-04,1516.76,1588.11,1485.01,1507.77,188015771.96
2017-05-05,1507.77,1560.42,1503.93,1545.29,92747185.54
2017-05-06,1545.29,1572.89,1495.18,1554.45,111708072.42
2017-05-07,1554.45,1667.67,1552.86,1664.47,174687869.23
2017-05-08,1664.47,1757.39,1619.97,1697.5,219169486.19
2017-05-09,1697.5,1766.18,1664.99,1752.31,156203600.07
2017-05-10,1752.31,1864.76,1741.54,1819.29,198829123.41
2017-05-11,1819.29,1822.51,1641.18,1686.39,192159873.95
2017-05-12,1686.39,1770.5,1594.59,1763.74,128390095.83
2017-05-13,1763.74,1802.75,1736.13,1772.55,72874378.57
2017-05-14,1772.55,1776.65,1656.81,1708.92,138499150.92
2017-05-15,1708.92,1752.55,1653.72,1729.34,130379207.17
2017-05-16,1729.34,1842.83,1703.97,1801.3,170954154.68
2017-05-17,1801.3,1980.49,1791.12,1880.99,135901905.39
2017-05-18,1880.99,1969.7,1875.28,1962,191523926.23
2017-05-19,1962,2048.45,1944.4,2040.18,179346919.05
2017-05-20,2040.18,2094.94,1980.07,2044.19,161036810.13
2017-05-21,2044.19,2264.76,1998.61,2124.41,373482496.01
2017-05-22,2124.41,2286.3,2110.78,2272.58,251969081.94
2017-05-23,2272.58,2496.98,2263.29,2445.28,353734030.88
2017-05-24,2445.28,2781.76,2210.48,2307.22,622139030.97
2017-05-25,2306.96,2616.52,2051.45,2244.89,441342711.51
2017-05-26,2244.89,2322.37,1868.56,2052.43,446034004.02
2017-05-27,2052.43,2300.52,2051.07,2189.02,266766116.87
2017-05-28,2189.02,2337.35,2117.34,2278.21,204101576.11
2017-05-29,2278.21,2329.26,2147.1,2192.55,270069146.9
2017-05-30,2192.55,2330.62,2168.37,2303.34,261223035.96
2017-05-31,2303.34,2460.84,2303.34,2412.65,290070431.91
2017-06-01,2412.65,2493.97,2385.59,2492.6,199765372.83
2017-06-02,2492.6,2582.77,2449.95,2545.43,177168595.51
2017-06-03,2545.43,2559.79,2478.18,2524.06,149060810.38
2017-06-04,2524.06,2705.38,2523.92,2704.96,225611887.49
2017-06-05,2704.96,2931.24,2699.68,2870.5,538772473.78
2017-06-06,2870.5,2880.95,2626.56,2691.51,340329903.73
2017-06-07,2691.51,2808.41,2623.61,2798.78,260898606.12
2017-06-08,2798.78,2852.07,2786.07,2811.43,189237110.88
2017-06-09,2811.43,2914.19,2807.36,2900.25,246869682.08
2017-06-10,2900.25,2977.86,2867.25,2973.45,241516660.76
2017-06-11,2973.45,2985.06,2483.63,2656.77,585158909.87
2017-06-12,2656.77,2784.77,2647.44,2712.99,314476276.72
2017-06-13,2712.99,2803.72,2348.99,2467.27,448294279.42
2017-06-14,2467.27,2521.6,2125.56,2442.46,606264366.01
2017-06-15,2442.46,2536.42,2335.28,2508.58,286630757.58
2017-06-16,2508.58,2690.71,2454.81,2655.1,246698591.9
2017-06-17,2655.1,2676.04,2488.59,2539.56,235239296.33
2017-06-18,2539.56,2617.75,2518.78,2616.82,210372750.85
2017-06-19,2616.82,2800.48,2613.98,2754.38,300034010.58
2017-06-20,2754.38,2804.41,2624.35,2677.62,313234721.45
2017-06-21,2677.62,2757.32,2623.17,2722.84,210318780.96
2017-06-22,2722.84,2759.66,2699.48,2710.37,155303414.19
2017-06-23,2710.37,2741.56,2540.35,2590.05,228007287.01
2017-06-24,2590.05,2660.66,2472.37,2541.62,220679135.83
2017-06-25,2541.62,2584.75,2327.26,2446.05,401912134.89
2017-06-26,2446.05,2585.06,2309.63,2583.75,381517099.87
2017-06-27,2583.75,2616.95,2490.11,2577.74,279792448.24
2017-06-28,2577.74,2605.86,2526.51,2558.37,191733499.8
2017-06-29,2558.37,2576.28,2469.54,2480.61,183878856.3
2017-06-30,2480.61,2529.62,2387.47,2424.61,160661673.8
2017-07-01,2424.61,2555.34,2375.86,2536.46,165839565.2
2017-07-02,2536.46,2617.48,2506.3,2572.47,212244951.2
2017-07-03,2572.47,2658.73,2569.99,2617.32,210433639.12
2017-07-04,2617.32,2642.74,2562.04,2627.86,232257106.93
2017-07-05,2627.86,2634.84,2581.8,2614.24,156558009.83
2017-07-06,2614.24,2617.48,2484.73,2513.88,229168229.22
2017-07-07,2513.88,2568.73,2480.62,2564.86,136973389.49
2017-07-08,2564.86,2576.73,2509.65,2511.43,99506518.51
2017-07-09,2511.43,2530.34,2271.79,2344.02,297270301
2017-07-10,2344.02,2412.75,2265.48,2324.29,341998621.09
2017-07-11,2324.29,2424.82,2262.08,2403.09,257095280.13
2017-07-12,2403.09,2436.66,2334.96,2362.44,208630220.69
2017-07-13,2362.44,2370.53,2165.36,2234.17,257704533.44
2017-07-14,2234.17,2237.13,1974.03,1975.08,320719096.8
2017-07-15,1975.08,2044.41,1808.99,1914.09,364287861.72
2017-07-16,1914.09,2233.83,1913.79,2233.39,368366495.35
2017-07-17,2233.39,2400.74,2164.59,2320.23,465220151.81
2017-07-18,2320.23,2412.38,2243.13,2282.58,357639189.58
2017-07-19,2282.58,2932.81,2282.11,2866.02,807416890.88
2017-07-20,2866.02,2873.96,2622.54,2675.08,529154789.97
2017-07-21,2675.08,2876.71,2658.59,2836.53,341992860.2
2017-07-22,2836.53,2856.67,2675.65,2756.61,299869260.34
2017-07-23,2756.61,2798.89,2715.69,2763.42,229047365.02
2017-07-24,2763.42,2779.08,2472.62,2582.58,534765380.75
2017-07-25,2582.58,2631.73,2441.54,2559.21,340465234.92
2017-07-26,2559.21,2712.92,2547.74,2691.88,269880857.99
2017-07-27,2691.88,2843.78,2683.59,2806.75,383479795.74
2017-07-28,2806.75,2812.13,2699.42,2733.5,230818894.97
2017-07-29,2733.5,2773.06,2621.68,2766.49,222933516.31
2017-07-30,2766.49,2916.3,2723.05,2883.27,254836601.62
2017-07-31,2883.27,2946.02,2659.62,2746.99,341216428.6
2017-08-01,2746.99,2773.8,2668.87,2720.53,222534344.58
2017-08-02,2720.53,2822.88,2717.62,2809.99,188517085.91
2017-08-03,2809.99,2892.67,2779.51,2878.49,195800289.46
2017-08-04,2878.49,3344.01,2875.91,3262.8,503737620.4
2017-08-05,3262.8,3295.07,3166.52,3232.03,196484496.53
2017-08-06,3232.03,3425.13,3198.51,3401.91,294021645.24
2017-08-07,3401.91,3494.87,3357.15,3429.38,366169429.25
2017-08-08,3429.38,3437.15,3251.03,3348.79,324058681.71
2017-08-09,3348.79,3453.84,3322.92,3425.67,242024460.29
2017-08-10,3425.67,3706.48,3409.79,3654.37,345135492.36
2017-08-11,3654.37,3967.26,3611.36,3871.62,469532325.43
2017-08-12,3871.62,4189.42,3847.31,4062.6,638917500.34
2017-08-13,4062.6,4336.71,3978.95,4327.94,540927757.84
2017-08-14,4327.94,4436.48,3837.13,4161.66,872840682.33
2017-08-15,4161.66,4398.06,3938.62,4387.4,472960334.46
2017-08-16,4387.4,4487.5,4194.1,4278.92,554232802.49
2017-08-17,4278.92,4362.73,3978.28,4105.37,603898315.45
2017-08-18,4105.37,4189.68,3957.46,4150.45,462723151.89
2017-08-19,4150.45,4182.29,4034.4,4066.6,288193446.22
2017-08-20,4066.6,4097.25,3966.93,4005.1,365174045.82
2017-08-21,4005.1,4142.68,3612.21,4089.7,659657838.92
2017-08-22,4089.7,4255.62,4070.49,4141.09,402340258.48
2017-08-23,4141.09,4364.11,4111.71,4318.35,305373477.79
2017-08-24,4318.35,4461.71,4292.63,4364.41,362283252.98
2017-08-25,4364.41,4379.28,4263.28,4352.3,199403922.82
2017-08-26,4352.3,4408.18,4321.12,4345.75,185180843.1
2017-08-27,4345.75,4403.13,4195.23,4390.31,325285703.33
2017-08-28,4390.31,4647.83,4350.22,4597.31,455467850.19
2017-08-29,4597.31,4644.06,4491.79,4583.02,313466398.12
2017-08-30,4583.02,4765.07,4580.13,4735.11,338981145.1
2017-08-31,4735.11,4925.23,4690.17,4921.85,491140364.58
2017-09-01,4921.85,4976.52,4448.64,4573.8,747713818.1
2017-09-02,4573.8,4719.78,4397.74,4612.92,470135795.37
2017-09-03,4612.92,4621.01,4098.58,4267.45,737216060.51
2017-09-04,4267.45,4496.67,4004.62,4409.08,673846827.74
2017-09-05,4409.08,4660.04,4401.53,4618.71,504717245.65
2017-09-06,4618.71,4690.55,4493.2,4635.6,324939872.82
2017-09-07,4635.6,4699.59,4130.88,4326.45,786819863.5
2017-09-08,4326.45,4402.15,4185.33,4335.13,332195251.06
2017-09-09,4335.13,4338.08,4032.15,4245.89,451244396.53
2017-09-10,4245.89,4364.42,4134.62,4217.9,375254125.16
2017-09-11,4217.9,4387.76,4074.97,4158.92,453402207.42
2017-09-12,4158.92,4174.58,3752.01,3870.29,728385231.78
2017-09-13,3870.29,3930.69,3218.98,3243.08,1118258889.56
2017-09-14,3243.08,3824.43,2979.88,3713.76,1519153953.02
2017-09-15,3713.76,3893.67,3551.83,3698.92,627559216.22
2017-09-16,3698.92,3796.56,3485.83,3689.61,351250484.2
2017-09-17,3689.61,4122.75,3689,4100.28,586938661.3
2017-09-18,4100.28,4120.71,3852.22,3907.96,488897829.62
2017-09-19,3907.96,4053.04,3846.76,3882.16,342438072.5
2017-09-20,3882.16,3912.79,3576.54,3617.27,543570164.08
2017-09-21,3617.27,3753.51,3505.81,3600.83,414612501.81
2017-09-22,3600.83,3813.39,3563.18,3788.02,253370774.72
2017-09-23,3788.02,3790.89,3633.88,3667.52,183852135.74
2017-09-24,3667.52,3971.5,3665.67,3932.83,386674961.65
2017-09-25,3932.83,3982.31,3858.75,3892.7,248481868.86
2017-09-26,3892.7,4232.35,3882.08,4212.2,480358673.93
2017-09-27,4212.2,4274.64,4112.88,4195.65,386909537.01
2017-09-28,4195.65,4237.51,4030.37,4172.79,404599756.28
2017-09-29,4172.79,4383.27,4164.25,4360.62,290796939.99
2017-09-30,4360.62,4412.62,4258.32,4403.09,262485153.92
2017-10-01,4403.09,4477.38,4364.67,4401.32,314621927.61
2017-10-02,4401.32,4435.99,4230.73,4314.18,353046057.47
2017-10-03,4314.18,4355.29,4183.57,4218.66,272424730.47
2017-10-04,4218.66,4365.76,4143.35,4321.44,271914958.4
2017-10-05,4321.44,4422.15,4296.93,4371.94,269878225.69
2017-10-06,4371.94,4472.92,4319.48,4435.81,176332039.12
2017-10-07,4435.81,4622.87,4419.36,4611.7,323063950.84
2017-10-08,4611.7,4875.38,4556.15,4777.49,518586828.49
2017-10-09,4777.49,4930,4722.81,4763.36,475717720.64
2017-10-10,4763.36,4874.89,4718.6,4824.2,338533507.33
2017-10-11,4824.2,5432.63,4814.98,5432.62,848641969.34
2017-10-12,5432.62,5852.78,5391.97,5637.26,1211469140.96
2017-10-13,5637.26,5839.62,5568.86,5824.71,434406119.95
2017-10-14,5824.71,5862.69,5448.22,5688.14,571166215.25
2017-10-15,5677.35,5795.33,5576.1,5759.33,349154669.33
2017-10-16,5759.25,5773.32,5521.09,5598.58,368658284.35
2017-10-17,5598.58,5601.3,5114.87,5575.83,654722509.03
2017-10-18,5576.71,5737.41,5517.62,5698.65,469774559.06
2017-10-19,5698.62,6075.32,5611.39,5993.11,729487923.01
2017-10-20,5993.11,6187.2,5874.54,6006.65,684989667.22
2017-10-21,6006.65,6070.56,5722.98,5982.86,618893096.8
2017-10-22,5982.86,6048.98,5644.22,5903.61,801148315.46
2017-10-23,5903.61,5904.63,5463.41,5513.08,811951129.66
2017-10-24,5513.08,5747.96,5375.64,5734,585738379.88
2017-10-25,5734,5970.4,5689.92,5887.61,547664553.57
2017-10-26,5887.62,5997.83,5692.32,5764.56,488283724.04
2017-10-27,5764.56,5871.04,5654.8,5726.61,305611140.99
2017-10-28,5726.61,6295.43,5679.37,6147.52,966990808.93
2017-10-29,6147.7,6226.18,6018.97,6124.28,481600502.95
2017-10-30,6124.28,6467.2,6090.83,6451.24,637838767.02
2017-10-31,6449.1,6738.74,6355,6737.78,869798619.79
2017-11-01,6737.78,7339.91,6737.77,7024.81,1663170039.86
2017-11-02,7024.81,7445.62,6938.93,7152.12,1120978013.29
2017-11-03,7146.98,7492.24,6957.84,7363.8,773371754.85
2017-11-04,7363.8,7599.44,7284.33,7389.55,789287755.18
2017-11-05,7389.55,7429.7,6934.73,6959.23,1148125488.89
2017-11-06,6959.27,7222.37,6957.8,7102.75,716798409.14
2017-11-07,7102.23,7869.1,7026.97,7444.36,1632547465.88
2017-11-08,7444.36,7457.12,7040.83,7129.59,915963933.06
2017-11-09,7129.59,7318.97,6406.05,6565.8,1513421266.51
2017-11-10,6565.8,6821.5,6197.87,6339.86,878096915.35
2017-11-11,6339.87,6490.53,5493.64,5878.13,1629165385.9
2017-11-12,5878.09,6760.15,5828.34,6522.45,1135256036.03
2017-11-13,6522.45,6728.59,6419.18,6597.06,634604991.54
2017-11-14,6597.06,7330.06,6596.94,7283.22,922959468.47
2017-11-15,7283.02,7964.64,7119.17,7853.68,1010130763.21
2017-11-16,7853.68,8000.19,7534.7,7699.95,917599923.24
2017-11-17,7699.95,7857.52,7458.9,7780.91,571121111
2017-11-18,7781.02,8100.87,7675.41,8042.64,541391321.61
2017-11-19,8042.64,8294.12,7947.28,8244.69,617354329.03
2017-11-20,8245.87,8368.36,7819.06,8099.97,938345413.24
2017-11-21,8099.92,8304.37,8091.63,8234.55,539697375.37
2017-11-22,8234.5,8266.55,8012.35,8013.41,555465146.26
2017-11-23,8013.38,8332.94,7900.17,8200.8,595710405.8
2017-11-24,8203.45,8761.98,8153.7,8754.69,718483679.6
2017-11-25,8754.62,9474.62,8746.56,9318.42,782499976.71
2017-11-26,9318.42,9733.61,9316.84,9733.2,1025175619.87
2017-11-27,9732.63,9969.58,9638.2,9906.04,865328615.73
2017-11-28,9906.04,11417.84,8938.7,9837.86,2418792360.6
2017-11-29,9848.05,10689.06,9023.77,9946.76,1836210107.31
2017-11-30,9947.08,10942.8,9420.93,10861.47,1353669597.43
2017-12-01,10861.47,11175.23,10715.55,10912.73,950474241.58
2017-12-02,10912.72,11851.09,10578.43,11246.21,1380012064.12
2017-12-03,11244.2,11624.63,10917.81,11623.91,1057859226.18
2017-12-04,11624.37,11901.87,11486.13,11667.13,1048839303.8
2017-12-05,11667.13,13843.2,11661.76,13749.57,2437037791.81
2017-12-06,13750.09,16879.26,13401.61,16850.31,4510225316.19
2017-12-07,16867.98,17294.85,13906.1,16047.61,4546014731.58
2017-12-08,16048.18,16313.18,13151.47,14843.42,2699876215.33
2017-12-09,14839.98,15783.2,13031,15059.6,2904037859.64
2017-12-10,15060.45,17399.18,15024.56,16732.47,2634267594.52
2017-12-11,16733.29,17560.65,16254.53,17083.9,2246138895.89
2017-12-12,17083.9,17267.96,15669.86,16286.82,2576055941.69
2017-12-13,16286.82,16941.08,16023.64,16467.91,1773813863.46
2017-12-14,16467.91,17987.03,16442.2,17604.85,2682351213.91
